974125905106.explainer.xml,id,974125905106
,title,b'Geometric Mean'
,meta description,"b'In this explainer, we will learn how to find geometric means between two nonconsecutive terms of a geometric sequence.'"
,sourceId,872143063508
,developer_name,Seungly Oh
989130863985.explainer.xml,id,989130863985
,title,b'Velocity\xe2\x80\x93Time Graphs'
,meta description,"b'In this explainer, we will learn how to calculate the displacement or acceleration of a particle moving \n    in a straight line from its velocity\xe2\x80\x93time graph.'"
,sourceId,585152746587
,developer_name,
985195836913.explainer.xml,id,985195836913
,title,b'\xf0\x9d\x91\x9bth Roots: Integers'
,meta description,"b'In this explainer, we will learn how to work out \n    \xf0\x9d\x91\x9bth roots of integers, where \xf0\x9d\x91\x9b is a positive integer greater than or \n    equal to 2.'"
,sourceId,853160946083
,developer_name,
973145156531.explainer.xml,id,973145156531
,title,b'Sum of an Infinite Geometric Sequence'
,meta description,b''
,sourceId,230191639106
,developer_name,Sarah Garry
972198025105.explainer.xml,id,972198025105
,title,b'Measurement Tools'
,meta description,"b'In this explainer, we will learn how to identify different\n    tools for the measurement of fundamental physical quantities.'"
,sourceId,
,developer_name,Simeon Every
980162532502.explainer.xml,id,980162532502
,title,b'Empirical and Molecular Formulas'
,meta description,"b'In this explainer, we will learn how to define, determine, \n    and convert between a compound\xe2\x80\x99s empirical and molecular formulas.'"
,sourceId,706193561646
,developer_name,Fallon Simpson
973130769145.explainer.xml,id,973130769145
,title,b'Interpreting Graphs of Derivatives'
,meta description,b''
,sourceId,816154794708
,developer_name,Graham Ely
985161036067.explainer.xml,id,985161036067
,title,b'Probability of Simple Events'
,meta description,"b'In this explainer, we will learn how to find the probability of a simple event.'"
,sourceId,853160946083
,developer_name,Anita Piatek
979165921053.explainer.xml,id,979165921053
,title,b'The Equilibrium Constant for Concentration'
,meta description,"b'In this explainer, we will learn how to construct and calculate the equilibrium constant for concentration.'"
,sourceId,187172546121
,developer_name,Harry Shuttleworth
969140360237.explainer.xml,id,969140360237
,title,b'Absolute Value Equations'
,meta description,"b'In this explainer, we will learn how to solve equations involving the absolute value.'"
,sourceId,
,developer_name,Rhodri Jones
