question : ,175127380280
mediaIdentifier : ,263101659560
Title : ,b'Finding the General Term of a Given Geometric Sequence'
start_time : ,00:02:33.050
end_time : ,00:04:37.380
question : ,648135917479
mediaIdentifier : ,532180375847
Title : ,b''
start_time : ,00:04:47.650
end_time : ,00:08:43.140
question : ,
mediaIdentifier : ,
Title : ,b''
start_time : ,00:08:59.290
end_time : ,00:12:43.530
question : ,467198792769
mediaIdentifier : ,385127940739
Title : ,b'Finding the Order of a Term in a Geometric Sequence given Its Value and General Term'
start_time : ,00:12:55.480
end_time : ,00:15:35.590
