question : ,603176259486
mediaIdentifier : ,785109671394
Title : ,b'The Definition of a Circular Segment'
start_time : ,00:00:23.580
end_time : ,00:01:45.820
question : ,284152170652
mediaIdentifier : ,
Title : ,b'Identifying the Area of a Circular Segment given Its Radius and Central Angle'
start_time : ,00:01:57.160
end_time : ,00:06:13.870
question : ,763181762193
mediaIdentifier : ,
Title : ,"b""Finding the Area of a Segment given the Area of the Circle and the Segment's Central Angle"""
start_time : ,00:06:24.600
end_time : ,00:09:25.960
question : ,130175278563
mediaIdentifier : ,329193812910
Title : ,b'Finding the Area of a Circular Segment'
start_time : ,00:09:36.610
end_time : ,00:13:21.510
