question : ,724198105635
mediaIdentifier : ,358107276187
Title : ,b'Determining the Probability of Compound Events Involving\n                Spinners'
start_time : ,00:03:46.370
end_time : ,00:05:20.470
question : ,
mediaIdentifier : ,792149261438
Title : ,b'Finding the Probability of Independent Events Occuring\n                Together'
start_time : ,00:07:42.180
end_time : ,00:08:33.400
question : ,712102842807
mediaIdentifier : ,460156024398
Title : ,b'Finding the Probability of Selection without\n                Replacement'
start_time : ,00:08:57.710
end_time : ,00:11:18.160
question : ,476105108043
mediaIdentifier : ,274189803101
Title : ,b'Finding the Probability of the Intersection of Independent Events in a\n                Real Context'
start_time : ,00:11:28.080
end_time : ,00:14:11.520
