question : ,823109043479
mediaIdentifier : ,326149097517
Title : ,b'Finding the Magnitude of a Smooth Inclined Plane\xe2\x80\x99s Reaction to a Body Placed on It'
start_time : ,00:06:19.180
end_time : ,00:09:10.470
question : ,
mediaIdentifier : ,394162107180
Title : ,b'Finding the Acceleration of Body Placed on an Inclined Plane with a Force Acting on It'
start_time : ,00:09:14.080
end_time : ,00:12:05.680
question : ,186159035957
mediaIdentifier : ,945197920673
Title : ,b'Studying the Motion of a Projected Body on a Smooth Inclined Plane'
start_time : ,00:12:09.670
end_time : ,00:16:30.120
