question : ,697140938979
mediaIdentifier : ,250162493740
Title : ,b'Adding Components of Two Vectors in 2D'
start_time : ,00:00:39.300
end_time : ,00:02:20.270
question : ,
mediaIdentifier : ,
Title : ,b''
start_time : ,00:02:26.370
end_time : ,00:04:12.800
question : ,
mediaIdentifier : ,
Title : ,b''
start_time : ,00:07:44.810
end_time : ,00:09:54.770
question : ,
mediaIdentifier : ,
Title : ,b''
start_time : ,00:09:59.810
end_time : ,00:12:13.220
question : ,238170949567
mediaIdentifier : ,158163675760
Title : ,b'Expressing Vectors in terms of \xf0\x9d\x91\xa2 and \xf0\x9d\x91\xa3'
start_time : ,00:12:17.850
end_time : ,00:14:55.450
